index,Codigo,variable,tipo,Completitud
1,Fecha_captura,Timestamp,character,1
2,A1_desea_participar,¿Desea participar de manera VOLUNTARIAMENTE en la presente encuesta?,character,0.997747748
3,estu_apellidos,XX01: Primer apellido del estudiante/encuestador,character,1
4,estu_nombre,XX02: Nombres del estudiante/encuestador,character,1
5,ID_estudiante,XX03: Documento del estudiante/encuestador,character,1
6,estu_clase,XX04: Clase,character,1
7,estu_grupo,XX05: Equipo encuestador,character,1
8,TI01_tipo,TI01_tipo: Qué tipo de sujeto va a encuestar,character,1
9,TI02_relacion_estudiante_encuestado,TI02_relacion: El/la trabajador/a encuestado/a:,character,0.779279279
10,PR00_apellidos,PR00_apellidos: Apellidos,character,0.779279279
11,PR00_nombres,PR00_nombres: Nombres,character,0.779279279
12,PR00_tipo_documento,PR00_tipo_documento: Tipo de documento,character,0.779279279
13,ID_trabajador,PR00a_numero_ID: Número de documento,numeric,0.779279279
14,ID_trabajador_R,PR00b_numero_ID: Rectifique el número de documento,numeric,0.779279279
15,PR01_genero,PR01_genero: Género,character,0.779279279
16,PR02_fecha_nacimiento,PR02_fecha_nacimiento: Fecha de nacimiento,character,0.779279279
17,PR03_estado_civil,PR03_estado_civil: Estado Cívil,character,0.779279279
18,Departamento,Departamento:,character,1
19,Municipio,Municipio:,character,1
20,Adress.1,Adress.1: Tipo,character,1
21,Adiress.2,Adiress.2: Número principal,numeric,1
22,Adress.3,Adress.3: Aditivo princpal,character,1
23,Adress.4,Adress.4: Segundo número,character,1
24,Adress.5,Adress.5: Segudno aditivo,character,1
25,Adress.6,Adress.6: Ultimo numero,character,1
26,Adress.7,Adress.7: Terecer aditivo,character,1
27,CN01_resultados,CN01_resultados: Desea ser contactado para conocer los resultados del estudio,character,0.779279279
28,CN02_futuro,"CN02_futuro: Desea ser contactado para futuras actividades, capacitaciones e investigaciones por el grupo de investigación de la Universidad del Rosario",character,0.779279279
29,CN03_correo,CN03_correo: Correo electrónico,character,0.466216216
30,CN03_celular,CN03_celular: Celular de contacto,numeric,0.572072072
31,SE01_tamano_hogar,SE01_tamano_hogar: Número de integrantes del hogar (contandose a usted),numeric,0.779279279
32,SE02_aportantes,SE02_aportantes: Cuantas personas aportan económicamente en su hogar (contandose a usted),numeric,0.779279279
33,SE03_ingresos_actividad,SE03_ingresos_actividad: ¿Cuánto dinero percibe MENSUALMENTE de su actividad como trabajador/a del servicio doméstico?,character,1
34,SE04_otras_fuentes_miembros_hog,SE04_otras_fuentes: ¿Con cuales de las siguientes FUENTES ADICIONALES DE INGRESO cuenta su hogar? [EM - Empleo/salario de otros miembros del hogar],character,0.779279279
35,SE04_otras_fuentes_local_comercial,SE04_otras_fuentes: ¿Con cuales de las siguientes FUENTES ADICIONALES DE INGRESO cuenta su hogar? [LC - Local comercial de la familia],character,0.779279279
36,SE04_otras_fuentes_ventas_catalogo,SE04_otras_fuentes: ¿Con cuales de las siguientes FUENTES ADICIONALES DE INGRESO cuenta su hogar? [VC - Ventas por catalogo o similares],character,0.779279279
37,SE04_otras_fuentes_prestamos_creditos,SE04_otras_fuentes: ¿Con cuales de las siguientes FUENTES ADICIONALES DE INGRESO cuenta su hogar? [PR - Prestamos y creditos],character,0.779279279
38,SE04_otras_fuentes_subsidios_estado,SE04_otras_fuentes: ¿Con cuales de las siguientes FUENTES ADICIONALES DE INGRESO cuenta su hogar? [SB - Subsidios del Estado/gobierno],character,0.779279279
39,SE04_otras_fuentes_subsidos_ong,SE04_otras_fuentes: ¿Con cuales de las siguientes FUENTES ADICIONALES DE INGRESO cuenta su hogar? [ON - Apoyos o subsidios de ONG's],character,0.779279279
40,SE04_otras_fuentes_pension,SE04_otras_fuentes: ¿Con cuales de las siguientes FUENTES ADICIONALES DE INGRESO cuenta su hogar? [PN - Pension de algun miembro del hogar],character,0.779279279
41,SE04_otras_fuentes_otros,SE04_otras_fuentes: ¿Con cuales de las siguientes FUENTES ADICIONALES DE INGRESO cuenta su hogar? [OT - Otros],character,0.779279279
42,SE05_ingresos_adicionales,SE05_ingresos_adicionales: ¿Cuánto dinero adicional logra generar MENSUALMENTE por estas fuentes adicionales de ingreso en su hogar?,character,1
43,FP06_apoyo_economico_hijos,FP06_apoyo_familiar: ¿Con qué frecuencia recibe apoyo económico de estas personas? [Hijos],character,0.779279279
44,FP06_apoyo_economico_padre_hijos,FP06_apoyo_familiar: ¿Con qué frecuencia recibe apoyo económico de estas personas? [Padre/madre de sus hijos],character,0.779279279
45,FP06_apoyo_economico_padres,FP06_apoyo_familiar: ¿Con qué frecuencia recibe apoyo económico de estas personas? [Abuelos],character,0.779279279
46,FP06_apoyo_economico_otros_familiares,FP06_apoyo_familiar: ¿Con qué frecuencia recibe apoyo económico de estas personas? [Otros familiares],character,0.779279279
47,FP06_apoyo_economico_amigos,FP06_apoyo_familiar: ¿Con qué frecuencia recibe apoyo económico de estas personas? [Amigos],character,0.779279279
48,DM00_tiene_hijos,DM00_tiene_hijos: ¿Tiene usted hijos?,character,0.779279279
49,DM01_cant_hijos,DM01_cant_hijos: ¿Cúantos hijos tiene?,numeric,0.673423423
50,DM02_cohab_hijos,DM02_cohab_hijos: ¿Con cuántos de sus hijos vive acutalmente?,numeric,0.673423423
51,DM03_primer_hijo,DM03_primer_hijo: ¿A que edad tuvo su primer hijo?,numeric,0.673423423
52,DM02_edad_hijos_h1,DM02_edad_hijos: ¿En que rango de edad se encuetran sus hijos? (De MAYOR A MENOR) [Hijo 1],character,0.673423423
53,DM02_edad_hijos_h2,DM02_edad_hijos: ¿En que rango de edad se encuetran sus hijos? (De MAYOR A MENOR) [Hijo 2],character,0.673423423
54,DM02_edad_hijos_h3,DM02_edad_hijos: ¿En que rango de edad se encuetran sus hijos? (De MAYOR A MENOR) [Hijo 3],character,0.673423423
55,DM02_edad_hijos_h4,DM02_edad_hijos: ¿En que rango de edad se encuetran sus hijos? (De MAYOR A MENOR) [Hijo 4],character,0.673423423
56,DM02_edad_hijos_h5,DM02_edad_hijos: ¿En que rango de edad se encuetran sus hijos? (De MAYOR A MENOR) [Hijo 5],character,0.673423423
57,DM02_edad_hijos_h6,DM02_edad_hijos: ¿En que rango de edad se encuetran sus hijos? (De MAYOR A MENOR) [Hijo 6],character,0.673423423
58,DM02_edu_hijos_h1,DM02_edu_hijos: ¿Cuál es el nivel educativo que sus hijos han o están completando? [Hijo 1],character,0.673423423
59,DM02_edu_hijos_h2,DM02_edu_hijos: ¿Cuál es el nivel educativo que sus hijos han o están completando? [Hijo 2],character,0.673423423
60,DM02_edu_hijos_h3,DM02_edu_hijos: ¿Cuál es el nivel educativo que sus hijos han o están completando? [Hijo 3],character,0.673423423
61,DM02_edu_hijos_h4,DM02_edu_hijos: ¿Cuál es el nivel educativo que sus hijos han o están completando? [Hijo 4],character,0.673423423
62,DM02_edu_hijos_h5,DM02_edu_hijos: ¿Cuál es el nivel educativo que sus hijos han o están completando? [Hijo 5],character,0.673423423
63,DM02_edu_hijos_h6,DM02_edu_hijos: ¿Cuál es el nivel educativo que sus hijos han o están completando? [Hijo 6],character,0.673423423
64,DM03_situacion_hijos_h1,DM03_situacion_hijos: ¿Cuál es la situación actual de sus hijos en el ámbito laboral? [Hijo 1],character,0.673423423
65,DM03_situacion_hijos_h2,DM03_situacion_hijos: ¿Cuál es la situación actual de sus hijos en el ámbito laboral? [Hijo 2],character,0.673423423
66,DM03_situacion_hijos_h3,DM03_situacion_hijos: ¿Cuál es la situación actual de sus hijos en el ámbito laboral? [Hijo 3],character,0.673423423
67,DM03_situacion_hijos_h4,DM03_situacion_hijos: ¿Cuál es la situación actual de sus hijos en el ámbito laboral? [Hijo 4],character,0.673423423
68,DM03_situacion_hijos_h5,DM03_situacion_hijos: ¿Cuál es la situación actual de sus hijos en el ámbito laboral? [Hijo 5],character,0.673423423
69,DM03_situacion_hijos_h6,DM03_situacion_hijos: ¿Cuál es la situación actual de sus hijos en el ámbito laboral? [Hijo 6],character,0.673423423
70,DM04_presente_hijos,"DM04_presente_hijos: Comparado con usted, cree que hoy en día sus hijos",character,0.673423423
71,DM05_futuro_hijos,"DM05_futuro_hijos: Comparado con usted, cree que en un futuro a sus hijos",character,0.673423423
72,DM06_lic_maternidad_h1,DM06_lic_maternidad: ¿Disfrutó/contó con licencia de maternidad durante sus embarazos? [Hijo 1],character,0.673423423
73,DM06_lic_maternidad_h2,DM06_lic_maternidad: ¿Disfrutó/contó con licencia de maternidad durante sus embarazos? [Hijo 2],character,0.673423423
74,DM06_lic_maternidad_h3,DM06_lic_maternidad: ¿Disfrutó/contó con licencia de maternidad durante sus embarazos? [Hijo 3],character,0.673423423
75,DM06_lic_maternidad_h4,DM06_lic_maternidad: ¿Disfrutó/contó con licencia de maternidad durante sus embarazos? [Hijo 4],character,0.673423423
76,DM06_lic_maternidad_h5,DM06_lic_maternidad: ¿Disfrutó/contó con licencia de maternidad durante sus embarazos? [Hijo 5],character,0.673423423
77,DM06_lic_maternidad_h6,DM06_lic_maternidad: ¿Disfrutó/contó con licencia de maternidad durante sus embarazos? [Hijo 6],character,0.673423423
78,CH01_edu_trabajador,CH01_edu_trabajador: ¿Cuál es el nivel educativo más alto que ha alcanzado usted?,character,0.779279279
79,CH02_edu_madre,CH02_edu_madre: ¿Cuál es el nivel educativo más alto que alcanzó su MADRE?,character,0.779279279
80,CH03_edu_padre,CH03_edu_padre: ¿Cuál es el nivel educativo más alto que alcanzó su PADRE?,character,0.779279279
81,CH04_oficio_madre,CH04_oficio_madre: ¿A qué oficio se dedica o se dedicaba su MADRE?,character,0.779279279
82,DL01_otros_trabajos,DL01_otros_trabajos: Aparte de su trabajo como trabajador/a doméstico/a ¿Se desempeña usted en algún otro oficio o negocio?,character,0.779279279
83,DL02_edad_inicio,DL02_edad_inicio: ¿A qué edad empezó a trabajar como trabajador/a doméstico/a?,numeric,0.779279279
84,DL03_trabajo_continuo,DL03_trabajo_continuo: ¿Alguna vez desde entonces ha dejado de trabajar en este tipo de oficio por más de un año?,character,0.779279279
85,DL04_numero_trabajos,DL04_numero_trabajos: ¿En cuántos lugares/familias/empresas trabaja actualmetne de manera regular?,numeric,0.779279279
86,DL06_contratos,DL06_contratos: ¿En cuantos de estos lugares tiene un contrato escrito y firmado?,character,1
87,DL07_seg_social,"DL07_seg_social: ¿En cuántos de estos lugares le pagan seguridad social (pensión, salud y riesgos laborales)?",character,1
88,FR01_salud,FR01_salud: ¿A qué sistema de salud esta afiliada/o?,character,0.779279279
89,FR02_pension,FR02_pension: ¿A qué fondo de pensiones cotiza?,character,0.779279279
90,FR03_riesgo,FR03_riesgo: ¿Cotiza mensualmente/ esta inscrita/o a ARL?,character,0.779279279
91,FR04_caja,FR04_caja: ¿Esta afiliada/o a caja de compensación?,character,0.779279279
92,empleador_nombre,EM00_nombre_empleador: Nombre y apellido,character,0.254504505
93,ID_empleador,EM00_IDa_empleador: Número de documento,character,0.220720721
94,CH20_edu_empleador,CH20_edu_empleador: ¿Cuál es el nivel educativo más alto que ha alcanzado usted?,character,0.254504505
95,FR05_rut,FR05_rut: ¿Tiene RUT?,character,0.768018018
96,FR06_ahorro,FR06_ahorro: ¿Qué porcentaje de sus ingresos ahorra mensualmente?,numeric,0.779279279
97,FR08_prod_finan_cuenta_ahorros,FR08_prod_finan: ¿Con cuál de los siguientes productos cuenta? [Cuenta de ahorros bancaria],character,0.779279279
98,FR08_prod_finan_tarjeta_credito,FR08_prod_finan: ¿Con cuál de los siguientes productos cuenta? [Tarjeta de crédtido],character,0.779279279
99,FR08_prod_finan_daviplata,FR08_prod_finan: ¿Con cuál de los siguientes productos cuenta? [Daviplata],character,0.779279279
100,FR08_prod_finan_nequi,FR08_prod_finan: ¿Con cuál de los siguientes productos cuenta? [Nequi],character,0.779279279
101,FR08_prod_finan_fiducia,FR08_prod_finan: ¿Con cuál de los siguientes productos cuenta? [Fiducia/fiducuenta],character,0.779279279
102,FR08_prod_finan_cdt,FR08_prod_finan: ¿Con cuál de los siguientes productos cuenta? [CDT],character,0.779279279
103,FR08_prod_finan_fondo_inversion,FR08_prod_finan: ¿Con cuál de los siguientes productos cuenta? [Fondo de inversión],character,0.779279279
104,FR09_prestamos_credito,"En el último año, ¿ha accedido a algún préstamo de los siguientes? [Credito o microcredito bancario]",character,0.779279279
105,FR09_prestamos_gota_gota,"En el último año, ¿ha accedido a algún préstamo de los siguientes? [Gota a gota (prestamistas)]",character,0.779279279
106,FR09_prestamos_amigos,"En el último año, ¿ha accedido a algún préstamo de los siguientes? [Amigos]",character,0.779279279
107,FR09_prestamos_familiares,"En el último año, ¿ha accedido a algún préstamo de los siguientes? [Familiares]",character,0.779279279
108,FR09_prestamos_casas_empeno,"En el último año, ¿ha accedido a algún préstamo de los siguientes? [Casas de empeño]",character,0.779279279
109,DL10_vaciones,DL10_vaciones: ¿En cuantos de estos lugares ha recibido vacaciones o remuneración por vacaciones?,numeric,0.779279279
110,DL11_horarios,DL11_horarios: ¿En cuántos de estos lugares cumple horario?,numeric,0.779279279
111,DL08_cesantias,DL08_cesantias: ¿En cuántos de estos lugares le pagan cesantias?,numeric,0.779279279
112,DL09_prima,DL09_prima: ¿En cuántos de estos lugares le pagan prima?,numeric,0.779279279
113,FR09_prestamos_empleadores,"En el último año, ¿ha accedido a algún préstamo de los siguientes? [Empleadores]",character,0.779279279
114,FR10_cadenas_ahorros,FR10_cadenas_ahorros: En el último año ¿en cuántas CADENAS de ahorro ha participado?,character,1
115,PP00_pago_dia,PP00_pago_dia: De acuerdo con usted ¿Cuál es el precio JUSTO de UN DÍA de trabajo doméstico?,numeric,1
116,CH05_oficio_padre,CH05_oficio_padre: ¿A qué oficio se dedica o se dedicaba su PADRE?,character,0.779279279
117,ID_subordinado,EM01_IDb_empleado: Número de documento de el/la trabajador/a doméstica,character,0.220720721
118,ID_subordinado_R,EM01_IDb_empleado_R: Rectifique el documento número de el/la trabajador/a doméstica,character,0.220720721
119,EM01_fecha_nacimiento_empleador,EM01_fecha_nacimiento_empleador: Fecha de nacimiento del empleador,character,0.254504505
120,EM02_genero_empleador,EM02_genero_empleador: Género del empleador,character,0.254504505
121,CC01_lic_maternidad,CC01_lic_maternidad: ¿A cuánto tiempo tiene derecho de licencia de maternidad una trabajadora doméstica?,character,1
122,CC02_contratos,CC02_contratos: ¿Qué tipo de contrato debe tener una trabajadora doméstica?,character,1
123,CC04_salud,CC04_salud: ¿Quién tiene la obligación de pagar las cotizaciones al sistema de SALUD del trabajador?,character,1
124,CC03_pension,CC03_pension: ¿Quién tiene la obligación de pagar la cotización a PENSIÓN del trabajador?,character,1
125,CC05_riesgo_A,CC05_riesgo_A: ¿Quién tiene la obligación de pagar las cotizaciones a la ARL del trabajador?,character,1
126,CC06_riesgo_B,"CC06_riesgo_B: Si el/la trabajadora no tiene contrato laboral, y se accidenta mientras trabajaba, quedando incapacitado/a ¿Quién debe asumir el costo de una posible pensión de invalidez?",character,1
127,CC07_cesantias,CC07_cesantias: ¿A cuánto equivalen las CESANTIAS a las que tiene derecho un/a trabajador/a doméstica?,character,1
128,CC07_prima,CC07_prima: ¿A cuánto equivalen la PRIMA a la que tiene derecho un/a trabajador/a doméstica?,character,1
129,CC08_vaciones,CC08_vaciones: ¿A cuántos días de vacaciones tienen derecho las/los trabajadoras domésticas?,character,1
130,CC09_dotaciones_A,CC09_dotaciones_A: Las dotaciones a las que tiene derecho una trabajadora doméstica son,character,1
131,CC10_dotaciones_B,CC10_dotaciones_B: ¿Cada cuánto el empleador tiene la obligación de proveer estas dotaciones?,character,1
132,CC11_transporte,CC11_transporte: ¿En qué casos el/la trabajadora doméstica tiene derecho a auxilio de transporte si este gana menos de 2 smmv?,character,1
133,CC12_incapacidad,CC12_incapacidad: ¿Cuándo la/el trabajador/a tiene derecho a que se le reconozcan días de incapacidad medica?,character,1
134,CC13_sindicato_A,CC13_sindicato_A: ¿Cuándo puede una trabajadora doméstica afiliarse a un sindicato?,character,1
135,CC14_sindicato_B,CC14_sindicato_B: ¿Cuándo puede una trabajadora doméstica entrar en huelga?,character,1
136,DL12_incapacidad,DL12_incapacidad: ¿En cuantos de estos lugares le reconocen económicamente los dias de incapacidad médica?,numeric,0.779279279
137,DL13_dotaciones,DL13_dotaciones: ¿En cuántos de estos lugares le otorgan dotaciones (zapatos y delantal) de manera regular para su trabajo?,character,1
138,DL14_transporte,DL14_transporte: ¿En cuántos de estos lugares le pagan AUXILIO DE TRANSPORTE?,numeric,0.779279279
139,CC13_caja,CC13_caja: ¿Quién tiene la obligación de afiliar y pagar la CAJA DE COMPENSACIÓN del trabajador?,character,1
140,DL15_sindicato,DL15_sindicato: ¿Está usted afiliado/a a un sindicato?,character,0.777027027
141,DL16_util_sindicato,DL16_util_sindicato: ¿Usted se sentiría más protegida laboralmente estando afiliada a un sindicato?,character,0.779279279
142,DL18_discriminacion_edad,DL18_discriminacion: ¿Con qué frecuencia ha sido discrimiada por las siguientes rezones en SU TRABAJO? [Edad],character,0.765765766
143,DL18_discriminacion_genero,DL18_discriminacion: ¿Con qué frecuencia ha sido discrimiada por las siguientes rezones en SU TRABAJO? [Genero],character,0.763513514
144,DL18_discriminacion_raza,DL18_discriminacion: ¿Con qué frecuencia ha sido discrimiada por las siguientes rezones en SU TRABAJO? [Raza/etnia],character,0.761261261
145,DL18_discriminacion_nacionalidad,DL18_discriminacion: ¿Con qué frecuencia ha sido discrimiada por las siguientes rezones en SU TRABAJO? [Nacionalidad],character,0.761261261
146,DL18_discriminacion_acento,DL18_discriminacion: ¿Con qué frecuencia ha sido discrimiada por las siguientes rezones en SU TRABAJO? [Acento],character,0.763513514
147,DL18_discriminacion_oficio,DL18_discriminacion: ¿Con qué frecuencia ha sido discrimiada por las siguientes rezones en SU TRABAJO? [Oficio],character,0.761261261
148,DL18_discriminacion_estrato,DL18_discriminacion: ¿Con qué frecuencia ha sido discrimiada por las siguientes rezones en SU TRABAJO? [Estrato],character,0.761261261
149,DL18_discriminacion_lugar_residencia,DL18_discriminacion: ¿Con qué frecuencia ha sido discrimiada por las siguientes rezones en SU TRABAJO? [Lugar de residencia],character,0.763513514
150,DL18_discriminacion_ingresos,DL18_discriminacion: ¿Con qué frecuencia ha sido discrimiada por las siguientes rezones en SU TRABAJO? [Nivel de ingresos],character,0.763513514
151,DL19_confianza_inst,"DL19_confianza_inst: De 0 a 100 (donde 100 es confía plenamente) ¿Qué tanto confía usted en que las instituciones del estado (Ministerio del trabajo, jueces laborales, defensoría del pueblo, etc) la protegerían frente a abusos por parte de sus empleadores?",numeric,0.779279279
152,DL18_discriminacion_vestido,DL18_discriminacion: ¿Con qué frecuencia ha sido discrimiada por las siguientes rezones en SU TRABAJO? [Forma de vestirse],character,0.752252252
